{
    "4407263058": "ajgorbhaiop_LZT0O_BLACK_Apis_AYUF2",
    "4407263302": "ajgorbhaiop_UUVTF_BLACK_Apis_47QT2",
    "4407263504": "ajgorbhaiop_A7O3W_BLACK_Apis_55WPU",
    "4407264149": "ajgorbhaiop_FT6HB_BLACK_Apis_HJOVK"
    "4263107270": "2336099414_SNWOA_BY_SPIDEERIO_GAMING_KGPJI",
    "4263106126": "2336099414_7DB5V_BY_SPIDEERIO_GAMING_N4G9F",
    "4263107767": "2336099414_9LWUW_BY_SPIDEERIO_GAMING_F1YD2",
    "4231734356": "69BBE0EF5291CC5F53BD8E141BB6967BBB0D85B472607DE9D60BC4B95BF53925"
    
}